N,batch,selected_backend,executed_backend,output_order,selector_lookup_ns,best_measured_ms,executed_p50_ms,executed_p95_ms,executed_p99_ms,regret,values_ok,ordering_ok,reps_measure,reps_execute
256,1,warp_shuffle_shoup,warp_shuffle_shoup,natural,1.25,0.004576,0.004512,0.005312,0.005408,0.9860,1,1,9,100
256,2,warp_shuffle_shoup,warp_shuffle_shoup,natural,1.25,0.004512,0.004576,0.005344,0.005600,1.0142,1,1,9,100
256,4,warp_shuffle_shoup,warp_shuffle_shoup,natural,1.25,0.004608,0.004640,0.005408,0.005600,1.0069,1,1,9,100
256,8,warp_shuffle_shoup,warp_shuffle_shoup,natural,1.25,0.004512,0.004704,0.005376,0.005408,1.0426,1,1,9,100
256,16,warp_shuffle_shoup,warp_shuffle_shoup,natural,1.25,0.004832,0.004704,0.005408,0.005472,0.9735,1,1,9,100
256,32,warp_shuffle_shoup,warp_shuffle_shoup,natural,1.25,0.005216,0.004960,0.005696,0.005760,0.9509,1,1,9,100
256,64,warp_shuffle_shoup,warp_shuffle_shoup,natural,1.25,0.005760,0.005696,0.006144,0.006144,0.9889,1,1,9,100
256,128,warp_shuffle_shoup,warp_shuffle_shoup,natural,1.25,0.005888,0.005984,0.006176,0.006304,1.0163,1,1,9,100
256,256,warp_shuffle_shoup,warp_shuffle_shoup,natural,1.25,0.006336,0.006208,0.006848,0.012288,0.9798,1,1,9,100
256,512,shoup_pad,shoup_pad,natural,1.25,0.008608,0.008544,0.009280,0.009376,0.9926,1,1,9,100
256,1024,warp_shuffle_shoup,warp_shuffle_shoup,natural,1.25,0.012992,0.013056,0.013920,0.014048,1.0049,1,1,9,100
256,2048,warp_shuffle_shoup,warp_shuffle_shoup,natural,1.25,0.021280,0.021088,0.021920,0.021984,0.9910,1,1,9,100
256,4096,warp_shuffle_shoup,warp_shuffle_shoup,natural,1.25,0.037024,0.037216,0.038048,0.038112,1.0052,1,1,9,100
256,8192,gpu_ntt,gpu_ntt,bit-reversed,1.25,0.069888,0.069632,0.070432,0.070912,0.9963,1,1,9,100
512,1,warp_shuffle,warp_shuffle,natural,1.25,0.005856,0.005920,0.006144,0.006144,1.0109,1,1,9,100
512,2,warp_shuffle_shoup,warp_shuffle_shoup,natural,1.25,0.005504,0.005600,0.006016,0.006144,1.0174,1,1,9,100
512,4,warp_shuffle_shoup,warp_shuffle_shoup,natural,1.25,0.005792,0.005632,0.006080,0.006080,0.9724,1,1,9,100
512,8,warp_shuffle_shoup,warp_shuffle_shoup,natural,1.25,0.005504,0.005568,0.006048,0.006144,1.0116,1,1,9,100
512,16,warp_shuffle_shoup,warp_shuffle_shoup,natural,1.25,0.005536,0.005568,0.006080,0.006112,1.0058,1,1,9,100
512,32,warp_shuffle_shoup,warp_shuffle_shoup,natural,1.25,0.005728,0.005856,0.006144,0.006144,1.0223,1,1,9,100
512,64,warp_shuffle_shoup,warp_shuffle_shoup,natural,1.25,0.006240,0.006464,0.007168,0.007200,1.0359,1,1,9,100
512,128,warp_shuffle_shoup,warp_shuffle_shoup,natural,1.25,0.007136,0.006944,0.007744,0.007776,0.9731,1,1,9,100
512,256,shoup_pad,shoup_pad,natural,1.25,0.009280,0.008928,0.009632,0.009696,0.9621,1,1,9,100
512,512,shoup_pad,shoup_pad,natural,1.25,0.014336,0.014336,0.014752,0.015328,1.0000,1,1,9,100
512,1024,shoup_pad,shoup_pad,natural,1.25,0.023520,0.023424,0.024224,0.024256,0.9959,1,1,9,100
512,2048,gpu_ntt,gpu_ntt,bit-reversed,1.25,0.034464,0.034304,0.034816,0.034816,0.9954,1,1,9,100
512,4096,gpu_ntt,gpu_ntt,bit-reversed,1.25,0.061824,0.061792,0.062656,0.062976,0.9995,1,1,9,100
512,8192,gpu_ntt,gpu_ntt,bit-reversed,1.25,0.114688,0.114464,0.114752,0.114912,0.9980,1,1,9,100
1024,1,warp_shuffle_shoup,warp_shuffle_shoup,natural,1.25,0.005888,0.005760,0.006144,0.006144,0.9783,1,1,9,100
1024,2,warp_shuffle_shoup,warp_shuffle_shoup,natural,1.25,0.005792,0.005824,0.006144,0.006144,1.0055,1,1,9,100
1024,4,warp_shuffle_shoup,warp_shuffle_shoup,natural,1.25,0.005824,0.005856,0.006144,0.006144,1.0055,1,1,9,100
1024,8,warp_shuffle_shoup,warp_shuffle_shoup,natural,1.25,0.005952,0.005888,0.006144,0.006144,0.9892,1,1,9,100
1024,16,warp_shuffle_shoup,warp_shuffle_shoup,natural,1.25,0.005920,0.005920,0.006144,0.006240,1.0000,1,1,9,100
1024,32,warp_shuffle_shoup,warp_shuffle_shoup,natural,1.25,0.006080,0.006048,0.006144,0.006336,0.9947,1,1,9,100
1024,64,warp_shuffle_shoup,warp_shuffle_shoup,natural,1.25,0.007040,0.007168,0.007680,0.007776,1.0182,1,1,9,100
1024,128,shoup_pad,shoup_pad,natural,1.25,0.007840,0.007744,0.008192,0.008192,0.9878,1,1,9,100
1024,256,shoup_pad,shoup_pad,natural,1.25,0.012544,0.012448,0.013056,0.013216,0.9923,1,1,9,100
1024,512,shoup_pad,shoup_pad,natural,1.25,0.021632,0.021280,0.021888,0.022016,0.9837,1,1,9,100
1024,1024,gpu_ntt,gpu_ntt,bit-reversed,1.25,0.036864,0.036864,0.037152,0.037632,1.0000,1,1,9,100
1024,2048,gpu_ntt,gpu_ntt,bit-reversed,1.25,0.066176,0.065280,0.066112,0.066624,0.9865,1,1,9,100
1024,4096,gpu_ntt,gpu_ntt,bit-reversed,1.25,0.112288,0.112128,0.112864,0.113632,0.9986,1,1,9,100
1024,8192,gpu_ntt,gpu_ntt,bit-reversed,1.25,0.213280,0.213056,0.215232,0.216672,0.9989,1,1,9,100
2048,1,shoup_pad,shoup_pad,natural,1.25,0.008256,0.008224,0.008992,0.016384,0.9961,1,1,9,100
2048,2,shoup_pad,shoup_pad,natural,1.25,0.008544,0.008448,0.009216,0.009376,0.9888,1,1,9,100
2048,4,shoup_pad,shoup_pad,natural,1.25,0.008224,0.008480,0.009152,0.010464,1.0311,1,1,9,100
2048,8,padded,padded,natural,1.25,0.009024,0.009408,0.009920,0.009952,1.0426,1,1,9,100
2048,16,shoup_pad,shoup_pad,natural,1.25,0.008192,0.008608,0.009152,0.009248,1.0508,1,1,9,100
2048,32,shoup_pad,shoup_pad,natural,1.25,0.008960,0.008896,0.009568,0.009632,0.9929,1,1,9,100
2048,64,padded,padded,natural,1.25,0.010048,0.010016,0.010240,0.010240,0.9968,1,1,9,100
2048,128,padded,padded,natural,1.25,0.016000,0.016000,0.016384,0.016384,1.0000,1,1,9,100
4096,1,multiblock,multiblock,natural,1.25,0.009632,0.009728,0.010208,0.010240,1.0100,1,1,9,100
4096,2,multiblock,multiblock,natural,1.25,0.010336,0.010304,0.010688,0.011072,0.9969,1,1,9,100
4096,4,gpu_ntt,gpu_ntt,bit-reversed,1.25,0.010752,0.010528,0.011328,0.011392,0.9792,1,1,9,100
4096,8,gpu_ntt,gpu_ntt,bit-reversed,1.25,0.010784,0.010240,0.011360,0.011680,0.9496,1,1,9,100
4096,16,shoup_pad,shoup_pad,natural,1.25,0.011936,0.011936,0.012288,0.012288,1.0000,1,1,9,100
4096,32,shoup_pad,shoup_pad,natural,1.25,0.012160,0.012192,0.012288,0.012480,1.0026,1,1,9,100
4096,64,shoup_pad,shoup_pad,natural,1.25,0.014656,0.014656,0.015424,0.023904,1.0000,1,1,9,100
4096,128,padded,padded,natural,1.25,0.025952,0.025824,0.026368,0.026464,0.9951,1,1,9,100
8192,1,multiblock,multiblock,natural,1.25,0.010848,0.010880,0.011520,0.011616,1.0029,1,1,9,100
8192,2,gpu_ntt,gpu_ntt,bit-reversed,1.25,0.010528,0.010528,0.011264,0.011328,1.0000,1,1,9,100
8192,4,gpu_ntt,gpu_ntt,bit-reversed,1.25,0.010560,0.010752,0.011488,0.011616,1.0182,1,1,9,100
8192,8,gpu_ntt,gpu_ntt,bit-reversed,1.25,0.012064,0.011808,0.012288,0.012288,0.9788,1,1,9,100
8192,16,gpu_ntt,gpu_ntt,bit-reversed,1.25,0.014272,0.014112,0.014336,0.014336,0.9888,1,1,9,100
8192,32,gpu_ntt,gpu_ntt,bit-reversed,1.25,0.020128,0.019744,0.020288,0.020384,0.9809,1,1,9,100
8192,64,padded,padded,natural,1.25,0.022528,0.022528,0.022656,0.023136,1.0000,1,1,9,100
8192,128,padded,padded,natural,1.25,0.041088,0.041120,0.041792,0.041888,1.0008,1,1,9,100
16384,1,gpu_ntt,gpu_ntt,bit-reversed,1.25,0.010240,0.010016,0.010240,0.011456,0.9781,1,1,9,100
16384,2,gpu_ntt,gpu_ntt,bit-reversed,1.25,0.010240,0.010144,0.010304,0.010592,0.9906,1,1,9,100
16384,4,gpu_ntt,gpu_ntt,bit-reversed,1.25,0.011296,0.011136,0.011808,0.014144,0.9858,1,1,9,100
16384,8,gpu_ntt,gpu_ntt,bit-reversed,1.25,0.013408,0.012896,0.013792,0.014176,0.9618,1,1,9,100
16384,16,gpu_ntt,gpu_ntt,bit-reversed,1.25,0.018304,0.018304,0.018432,0.019040,1.0000,1,1,9,100
16384,32,gpu_ntt,gpu_ntt,bit-reversed,1.25,0.028256,0.028000,0.028480,0.028576,0.9909,1,1,9,100
16384,64,gpu_ntt,gpu_ntt,bit-reversed,1.25,0.046944,0.046752,0.047104,0.047200,0.9959,1,1,9,100
16384,128,gpu_ntt,gpu_ntt,bit-reversed,1.25,0.089728,0.089696,0.090112,0.096320,0.9996,1,1,9,100
